codigo,nombre,letra,clasificacion_interna,es_electronico,es_mipyme_fce,es_exportacion
001,FACTURAS A,A,factura,True,False,False
002,NOTAS DE DEBITO A,A,nota_debito,True,False,False
003,NOTAS DE CREDITO A,A,nota_credito,True,False,False
004,RECIBOS A,A,recibo,True,False,False
005,NOTAS DE VENTA AL CONTADO A,A,factura,True,False,False
006,FACTURAS B,B,factura,True,False,False
007,NOTAS DE DEBITO B,B,nota_debito,True,False,False
008,NOTAS DE CREDITO B,B,nota_credito,True,False,False
009,RECIBOS B,B,recibo,True,False,False
010,NOTAS DE VENTA AL CONTADO B,B,factura,True,False,False
011,FACTURAS C,C,factura,True,False,False
012,NOTAS DE DEBITO C,C,nota_debito,True,False,False
013,NOTAS DE CREDITO C,C,nota_credito,True,False,False
015,RECIBOS C,C,recibo,True,False,False
016,NOTAS DE VENTA AL CONTADO C,C,factura,True,False,False
017,LIQUIDACION DE SERVICIOS PUBLICOS CLASE A,A,factura,True,False,False
018,LIQUIDACION DE SERVICIOS PUBLICOS CLASE B,B,factura,True,False,False
019,FACTURAS DE EXPORTACION,E,factura,True,False,True
020,NOTAS DE DEBITO POR OPERACIONES CON EL EXTERIOR,E,nota_debito,True,False,True
021,NOTAS DE CREDITO POR OPERACIONES CON EL EXTERIOR,E,nota_credito,True,False,True
022,FACTURAS - PERMISO EXPORTACION SIMPLIFICADO - DTO. 855/97,E,factura,True,False,True
023,COMPROBANTES “A” DE COMPRA PRIMARIA PARA EL SECTOR PESQUERO MARITIMO,A,factura,True,False,False
024,COMPROBANTES “A” DE CONSIGNACION PRIMARIA PARA EL SECTOR PESQUERO MARITIMO,A,factura,True,False,False
025,COMPROBANTES “B” DE COMPRA PRIMARIA PARA EL SECTOR PESQUERO MARITIMO,B,factura,True,False,False
026,COMPROBANTES “B” DE CONSIGNACION PRIMARIA PARA EL SECTOR PESQUERO MARITIMO,B,factura,True,False,False
027,LIQUIDACION UNICA COMERCIAL IMPOSITIVA CLASE A,A,factura,True,False,False
028,LIQUIDACION UNICA COMERCIAL IMPOSITIVA CLASE B,B,factura,True,False,False
029,LIQUIDACION UNICA COMERCIAL IMPOSITIVA CLASE C,C,factura,True,False,False
030,COMPROBANTES DE COMPRA DE BIENES USADOS,X,factura,True,False,False
032,COMPROBANTES PARA RECICLAR MATERIALES,X,factura,True,False,False
033,LIQUIDACION PRIMARIA DE GRANOS,X,factura,True,False,False
034,COMPROBANTES A DEL APARTADO A INCISO F R G N 1415,A,factura,True,False,False
035,"COMPROBANTES B DEL ANEXO I, APARTADO A, INC.F), RG N° 1415",B,factura,True,False,False
036,"COMPROBANTES C DEL ANEXO I, APARTADO A, INC.F), R.G. N° 1415",C,factura,True,False,False
037,NOTAS DE DEBITO O DOCUMENTO EQUIVALENTE QUE CUMPLAN CON LA R.G. N° 1415,X,nota_debito,True,False,False
038,NOTAS DE CREDITO O DOCUMENTO EQUIVALENTE QUE CUMPLAN CON LA R.G. N° 1415,X,nota_credito,True,False,False
039,OTROS COMPROBANTES A QUE CUMPLEN CON LA R G 1415,A,factura,True,False,False
040,OTROS COMPROBANTES B QUE CUMPLAN CON LA R.G. 1415,B,factura,True,False,False
041,OTROS COMPROBANTES C QUE CUMPLAN CON LA R.G. 1415,C,factura,True,False,False
043,NOTA DE CREDITO LIQUIDACION UNICA COMERCIAL IMPOSITIVA CLASE B,B,nota_credito,True,False,False
044,NOTA DE CREDITO LIQUIDACION UNICA COMERCIAL IMPOSITIVA CLASE C,C,nota_credito,True,False,False
045,NOTA DE DEBITO LIQUIDACION UNICA COMERCIAL IMPOSITIVA CLASE A,A,nota_debito,True,False,False
046,NOTA DE DEBITO LIQUIDACION UNICA COMERCIAL IMPOSITIVA CLASE B,B,nota_debito,True,False,False
047,NOTA DE DEBITO LIQUIDACION UNICA COMERCIAL IMPOSITIVA CLASE C,C,nota_debito,True,False,False
048,NOTA DE CREDITO LIQUIDACION UNICA COMERCIAL IMPOSITIVA CLASE A,A,nota_credito,True,False,False
049,COMPROBANTES DE COMPRA DE BIENES NO REGISTRABLES A CONSUMIDORES FINALES,A,factura,True,False,False
050,RECIBO FACTURA A REGIMEN DE FACTURA DE CREDITO,A,recibo,True,False,False
051,FACTURAS M,M,factura,True,False,False
052,NOTAS DE DEBITO M,M,nota_debito,True,False,False
053,NOTAS DE CREDITO M,M,nota_credito,True,False,False
054,RECIBOS M,M,recibo,True,False,False
055,NOTAS DE VENTA AL CONTADO M,M,factura,True,False,False
056,COMPROBANTES M DEL ANEXO I APARTADO A INC F R G N 1415,M,factura,True,False,False
057,OTROS COMPROBANTES M QUE CUMPLAN CON LA R G N 1415,M,factura,True,False,False
058,CUENTAS DE VENTA Y LIQUIDO PRODUCTO M,M,factura,True,False,False
059,LIQUIDACIONES M,M,factura,True,False,False
060,CUENTAS DE VENTA Y LIQUIDO PRODUCTO A,A,factura,True,False,False
061,CUENTAS DE VENTA Y LIQUIDO PRODUCTO B,B,factura,True,False,False
063,LIQUIDACIONES A,A,factura,True,False,False
064,LIQUIDACIONES B,B,factura,True,False,False
066,DESPACHO DE IMPORTACION,X,remito,True,False,False
068,LIQUIDACION C,C,factura,True,False,False
070,RECIBOS FACTURA DE CREDITO,X,recibo,True,False,False
081,TIQUE FACTURA A CONTROLADORES FISCALES,A,factura,True,False,False
082,TIQUE - FACTURA B,B,factura,True,False,False
083,TIQUE,X,factura,True,False,False
090,NOTA DE CREDITO OTROS COMP QUE NO CUMPLEN CON LA R G 1415 Y SUS MODIF,X,nota_credito,True,False,False
099,OTROS COMP QUE NO CUMPLEN CON LA R G 1415 Y SUS MODIF,X,factura,True,False,False
109,TIQUE C,C,factura,True,False,False
110,TIQUE NOTA DE CREDITO,X,nota_credito,True,False,False
111,TIQUE FACTURA C,C,factura,True,False,False
112,TIQUE NOTA DE CREDITO A,A,nota_credito,True,False,False
113,TIQUE NOTA DE CREDITO B,B,nota_credito,True,False,False
114,TIQUE NOTA DE CREDITO C,C,nota_credito,True,False,False
115,TIQUE NOTA DE DEBITO A,A,nota_debito,True,False,False
116,TIQUE NOTA DE DEBITO B,B,nota_debito,True,False,False
117,TIQUE NOTA DE DEBITO C,C,nota_debito,True,False,False
118,TIQUE FACTURA M,M,factura,True,False,False
119,TIQUE NOTA DE CREDITO M,M,nota_credito,True,False,False
120,TIQUE NOTA DE DEBITO M,M,nota_debito,True,False,False
150,LIQUIDACION DE COMPRA PRIMARIA PARA EL SECTOR TABACALERO A,A,factura,True,False,False
151,LIQUIDACION DE COMPRA PRIMARIA PARA EL SECTOR TABACALERO B,B,factura,True,False,False
157,CUENTA DE VENTA Y LÍQUIDO PRODUCTO A – SECTOR AVÍCOLA,A,factura,True,False,False
158,CUENTA DE VENTA Y LÍQUIDO PRODUCTO B – SECTOR AVÍCOLA,B,factura,True,False,False
159,LIQUIDACIÓN DE COMPRA A – SECTOR AVÍCOLA,A,factura,True,False,False
160,LIQUIDACIÓN DE COMPRA B – SECTOR AVÍCOLA,B,factura,True,False,False
161,LIQUIDACIÓN DE COMPRA DIRECTA A - SECTOR AVÍCOLA,A,factura,True,False,False
162,LIQUIDACIÓN DE COMPRA DIRECTA B - SECTOR AVÍCOLA,B,factura,True,False,False
163,LIQUIDACIÓN DE COMPRA DIRECTA C - SECTOR AVÍCOLA,C,factura,True,False,False
164,LIQUIDACIÓN DE VENTA DIRECTA A - SECTOR AVÍCOLA,A,factura,True,False,False
165,LIQUIDACIÓN DE VENTA DIRECTA B - SECTOR AVÍCOLA,B,factura,True,False,False
166,LIQUIDACIÓN DE CONTRATACIÓN DE CRIANZA POLLOS PARRILLEROS A,A,factura,True,False,False
167,LIQUIDACIÓN DE CONTRATACIÓN DE CRIANZA POLLOS PARRILLEROS B,B,factura,True,False,False
168,LIQUIDACIÓN DE CONTRATACIÓN DE CRIANZA POLLOS PARRILLEROS C,C,factura,True,False,False
169,LIQUIDACIÓN DE CRIANZA POLLOS PARRILLEROS A,A,factura,True,False,False
170,LIQUIDACIÓN DE CRIANZA POLLOS PARRILLEROS B,B,factura,True,False,False
171,LIQUIDACIÓN DE COMPRA DE CAÑA DE AZÚCAR A,A,factura,True,False,False
172,LIQUIDACIÓN DE COMPRA DE CAÑA DE AZÚCAR B,B,factura,True,False,False
180,CUENTA DE VENTA Y LÍQUIDO PRODUCTO A - SECTOR PECUARIO,A,factura,True,False,False
182,CUENTA DE VENTA Y LÍQUIDO PRODUCTO B - SECTOR PECUARIO,B,factura,True,False,False
183,LIQUIDACIÓN DE COMPRA A - SECTOR PECUARIO,A,factura,True,False,False
185,LIQUIDACIÓN DE COMPRA B - SECTOR PECUARIO,B,factura,True,False,False
186,LIQUIDACIÓN DE COMPRA DIRECTA A - SECTOR PECUARIO,A,factura,True,False,False
188,LIQUIDACIÓN DE COMPRA DIRECTA B - SECTOR PECUARIO,B,factura,True,False,False
189,LIQUIDACIÓN DE COMPRA DIRECTA C - SECTOR PECUARIO,C,factura,True,False,False
190,LIQUIDACIÓN DE VENTA DIRECTA A - SECTOR PECUARIO,A,factura,True,False,False
191,LIQUIDACIÓN DE VENTA DIRECTA B - SECTOR PECUARIO,B,factura,True,False,False
195,FACTURA CLASE “T”,T,factura,True,False,False
196,NOTA DE DÉBITO CLASE “T”,T,factura,True,False,False
197,NOTA DE CRÉDITO CLASE “T”,T,factura,True,False,False
201,FACTURA DE CRÉDITO ELECTRÓNICA MIPYMES (FCE) A,A,factura,True,True,False
202,NOTA DE DÉBITO ELECTRÓNICA MIPYMES (FCE) A,A,factura,True,True,False
203,NOTA DE CRÉDITO ELECTRÓNICA MIPYMES (FCE) A,A,factura,True,True,False
206,FACTURA DE CRÉDITO ELECTRÓNICA MIPYMES (FCE) B,B,factura,True,True,False
207,NOTA DE DÉBITO ELECTRÓNICA MIPYMES (FCE) B,B,factura,True,True,False
208,NOTA DE CRÉDITO ELECTRÓNICA MIPYMES (FCE) B,B,factura,True,True,False
211,FACTURA DE CRÉDITO ELECTRÓNICA MIPYMES (FCE) C,C,factura,True,True,False
212,NOTA DE DÉBITO ELECTRÓNICA MIPYMES (FCE) C,C,factura,True,True,False
213,NOTA DE CRÉDITO ELECTRÓNICA MIPYMES (FCE) C,C,factura,True,True,False
331,LIQUIDACION SECUNDARIA DE GRANOS,X,factura,True,False,False
332,CERTIFICACION ELECTRONICA (GRANOS),X,factura,True,False,False
